Water Point Data Exchange - Country Data,
Water Point Data Exchange,
c7c8d215-67cf-487b-8913-681f33fc193b,Water Point Data Exchange (HTI)
da8746b6-5149-4a67-b5f9-4511dfd6a7ed,Water Point Data Exchange (ETH)
6577e7d0-6e2a-4bba-87fa-4e8989118597,Water Point Data Exchange (SWZ)
2155674c-a237-400d-af2d-9a5529abb92c,Water Point Data Exchange (BGD)
9f5813fb-eb5b-4bdb-ae0a-f48cdb55117e,Water Point Data Exchange (ZMB)
6fe1a228-bcf6-4e69-8f0e-a9b869f6f32d,Water Point Data Exchange (GTM)
cf0b9e6f-7b2c-461c-b629-02add54b480b,Water Point Data Exchange (SSD)
c8cef888-53dd-48dc-ad51-ef30428b0f44,Water Point Data Exchange (LBR)
4c5e7cd0-3d28-4827-888c-e58e80b2eb47,Water Point Data Exchange (MWI)
29677a2d-1fb2-48a3-a06a-9c66800c418b,Water Point Data Exchange (NGA)
daae5188-d065-4bac-90af-a90bb16b7d7c,Water Point Data Exchange (SLE)
84e7bec3-38c1-474d-84e1-eabbbc380f22,Water Point Data Exchange (CAF)
efd21fab-2b22-4328-a30d-ee6ac3a09795,Water Point Data Exchange (UGA)
be496f2a-db8e-44eb-bd96-851e69771c63,Water Point Data Exchange (RWA)
dd154b0d-8d0e-421e-8254-e37e38348167,Water Point Data Exchange (TZA)
3960e24c-fe2a-430a-b70c-ee72c38dd88c,Water Point Data Exchange (ZWE)
35a11b99-3b89-462e-b62c-89aac6142198,Water Point Data Exchange (GHA)
b5744fa0-9312-417f-bcaf-9c75bac95933,Water Point Data Exchange (KEN)