,
FEWS NET|FEWS NET,
d7a3e158-21a4-4aa9-83d0-a3211d86b62c,Zimbabwe Monthly FEWS NET Staple Food Price Data
e029653f-1522-4e14-9c11-45609f435518,Monthly FEWS NET Staple Food Price Data for Zimbabwe
06b4ea0f-6cc8-4d8d-91d5-8b836bc451b3,Chad Weekly FEWS NET Staple Food Price Data
59fdad8d-96aa-463a-9126-0a890be1399a,Malawi Weekly FEWS NET Staple Food Price Data
c888f600-49b7-4c61-b785-257cbf28b037,Nigeria Weekly FEWS NET Staple Food Price Data
60f66492-e6e3-40dd-bae1-0b8055049cae,Nigeria Weekly FEWS NET Staple Food Price Data
82662012-30e5-4e06-8b9b-35114537a21c,Angola Monthly FEWS NET Staple Food Price Data
f179c0a6-cd5e-4a75-a23a-270f170eae51,Djibouti Weekly FEWS NET Staple Food Price Data
04a03551-13b6-430f-8d35-287cdcaec463,South Sudan Weekly FEWS NET Staple Food Price Data
bfa3dc26-20ee-41fa-ad34-0b9b552d32c7,Ethiopia Weekly FEWS NET Staple Food Price Data
ea4a1996-dccd-4ac5-9c86-7d9222fc1ec1,Somalia Monthly FEWS NET Staple Food Price Data
202adb64-0a5f-4ced-bc7a-8012f1cb2a06,Kenya Monthly FEWS NET Staple Food Price Data